{
  "weights": [],
  "ranking": [
    "GENE0084",
    "GENE0021",
    "GENE0099",
    "GENE0025",
    "GENE0003",
    "GENE0059",
    "GENE0076",
    "GENE0044",
    "GENE0024",
    "GENE0097",
    "GENE0012",
    "GENE0036",
    "GENE0035",
    "GENE0017",
    "GENE0075",
    "GENE0080",
    "GENE0072",
    "GENE0079",
    "GENE0085",
    "GENE0058"
  ],
  "panel": [
    "GENE0084",
    "GENE0013",
    "GENE0028",
    "GENE0086",
    "GENE0089",
    "GENE0082",
    "GENE0065",
    "GENE0058",
    "GENE0033",
    "GENE0077",
    "GENE0024",
    "GENE0000"
  ],
  "metrics": {
    "precision_at_20": 0.25,
    "mrr": 1.0,
    "ndcg_at_20": 0.291912042751809
  },
  "panel_recall": 0.15,
  "panel_diversity": 5.03,
  "objective": "ndcg",
  "best_score": 0.291912042751809,
  "iterations": 50,
  "panel_diversity_string": 3.696969696969697
}